{
  "mfcc_00_std": 0.06226859782101775,
  "zcr_mean": 0.06032656395558237,
  "mfcc_07_mean": 0.05608657860333518,
  "mfcc_01_std": 0.05110761619021105,
  "mfcc_00_delta_mean": 0.04619092854508913,
  "spectral_flatness_mean": 0.04424049981229499,
  "mfcc_08_mean": 0.04291889131562641,
  "spectral_centroid_std": 0.03555665648438248,
  "jitter": 0.03273087965505131,
  "f0_std": 0.030191627914955377,
  "mfcc_05_mean": 0.030112783082565535,
  "mfcc_09_mean": 0.028173087256432333,
  "mfcc_06_mean": 0.02634205783999128,
  "spectral_centroid_mean": 0.025284557015643885,
  "mfcc_04_mean": 0.022604318103670366,
  "mfcc_00_mean": 0.021690782745340805,
  "zcr_std": 0.01859753659761049,
  "f0_range": 0.016422730927456105,
  "mfcc_06_std": 0.015414909447600805,
  "mfcc_10_mean": 0.014464553234120192,
  "mfcc_01_delta_mean": 0.014410180122073528,
  "mfcc_03_std": 0.01278674785745213,
  "chroma_01_mean": 0.012774895114928205,
  "mfcc_08_delta_mean": 0.012730907519288103,
  "mfcc_12_mean": 0.012439425141152146,
  "mfcc_10_std": 0.01174140158886735,
  "mfcc_07_std": 0.010979013577494841,
  "mfcc_11_mean": 0.009929569057876876,
  "shimmer": 0.009851077227611584,
  "mfcc_08_std": 0.009535942483771516,
  "mfcc_09_std": 0.008706429122880688,
  "mfcc_04_std": 0.008520590954636906,
  "spectral_rolloff_mean": 0.008513706479027718,
  "hnr": 0.00849195491458421,
  "mfcc_01_mean": 0.00837785658431073,
  "mfcc_05_std": 0.008376461444249597,
  "mfcc_11_std": 0.00831263811894914,
  "mfcc_02_std": 0.008078157871883923,
  "mfcc_02_mean": 0.007704020043757695,
  "mfcc_10_delta_mean": 0.007356863822383232,
  "mfcc_03_mean": 0.007195320688033947,
  "chroma_07_mean": 0.006820322102569216,
  "chroma_06_mean": 0.006662843680633374,
  "chroma_00_mean": 0.00623636747640621,
  "mfcc_09_delta_mean": 0.006114532860207215,
  "f0_mean": 0.006060222897259965,
  "mfcc_12_std": 0.005888784496558649,
  "chroma_05_mean": 0.005766950052460916,
  "chroma_09_mean": 0.005679793247791671,
  "chroma_11_mean": 0.005609343203502212,
  "mfcc_04_delta_mean": 0.005189732164731027,
  "chroma_02_mean": 0.005142616980358425,
  "chroma_10_mean": 0.005104704291769124,
  "chroma_08_mean": 0.004805716025613424,
  "mfcc_07_delta_mean": 0.00477496660788915,
  "chroma_03_mean": 0.00446945749374967,
  "mfcc_06_delta_mean": 0.004333988683561743,
  "mfcc_11_delta_mean": 0.004295309171645309,
  "chroma_04_mean": 0.004286970310008079,
  "mfcc_12_delta_mean": 0.0041352264663818425,
  "mfcc_05_delta_mean": 0.0040495527825148425,
  "mfcc_02_delta_mean": 0.0036420505307294565,
  "mfcc_03_delta_mean": 0.0033912321904665155
}