{
  "loocv_svm": {
    "auroc": 0.9918282242795248,
    "sensitivity": 0.9588100686476916,
    "specificity": 0.9644670050736943,
    "f1": 0.9632183908045977,
    "precision": 0.9676674364896074,
    "accuracy": 0.9614921780986763,
    "ece": 0.011632461052700134,
    "threshold": 0.5,
    "n_positive": 437,
    "n_negative": 394
  },
  "loocv_rf": {
    "auroc": 0.9891217228681946,
    "sensitivity": 0.956521739128246,
    "specificity": 0.9517766497437773,
    "f1": 0.9565217391304348,
    "precision": 0.9565217391304348,
    "accuracy": 0.9542719614921781,
    "ece": 0.13226233453670272,
    "threshold": 0.5,
    "n_positive": 437,
    "n_negative": 394
  },
  "n_samples": 831,
  "n_features": 63
}