{
  "chroma_00_mean": 0.021862,
  "chroma_01_mean": 0.01579,
  "chroma_02_mean": 0.012281,
  "chroma_03_mean": 0.01119,
  "chroma_04_mean": 0.011536,
  "chroma_05_mean": 0.014631,
  "chroma_06_mean": 0.015258,
  "chroma_07_mean": 0.01163,
  "chroma_08_mean": 0.014343,
  "chroma_09_mean": 0.013634,
  "chroma_10_mean": 0.01153,
  "chroma_11_mean": 0.012269,
  "f0_mean": 0.031408,
  "f0_range": 0.002688,
  "f0_std": 0.015124,
  "hnr": 0.016195,
  "jitter": 0.01512,
  "mfcc_00_delta_mean": 0.009894,
  "mfcc_00_mean": 0.024316,
  "mfcc_00_std": 0.030671,
  "mfcc_01_delta_mean": 0.008492,
  "mfcc_01_mean": 0.027131,
  "mfcc_01_std": 0.023928,
  "mfcc_02_delta_mean": 0.012184,
  "mfcc_02_mean": 0.014725,
  "mfcc_02_std": 0.027594,
  "mfcc_03_delta_mean": 0.009269,
  "mfcc_03_mean": 0.018364,
  "mfcc_03_std": 0.017357,
  "mfcc_04_delta_mean": 0.00878,
  "mfcc_04_mean": 0.013535,
  "mfcc_04_std": 0.020349,
  "mfcc_05_delta_mean": 0.010585,
  "mfcc_05_mean": 0.012232,
  "mfcc_05_std": 0.015778,
  "mfcc_06_delta_mean": 0.012815,
  "mfcc_06_mean": 0.019701,
  "mfcc_06_std": 0.014458,
  "mfcc_07_delta_mean": 0.011059,
  "mfcc_07_mean": 0.032488,
  "mfcc_07_std": 0.01629,
  "mfcc_08_delta_mean": 0.010194,
  "mfcc_08_mean": 0.01231,
  "mfcc_08_std": 0.016896,
  "mfcc_09_delta_mean": 0.011318,
  "mfcc_09_mean": 0.013847,
  "mfcc_09_std": 0.017809,
  "mfcc_10_delta_mean": 0.008571,
  "mfcc_10_mean": 0.016784,
  "mfcc_10_std": 0.013036,
  "mfcc_11_delta_mean": 0.009075,
  "mfcc_11_mean": 0.020406,
  "mfcc_11_std": 0.018885,
  "mfcc_12_delta_mean": 0.010678,
  "mfcc_12_mean": 0.012481,
  "mfcc_12_std": 0.018178,
  "shimmer": 0.047213,
  "spectral_centroid_mean": 0.013149,
  "spectral_centroid_std": 0.014056,
  "spectral_flatness_mean": 0.013378,
  "spectral_rolloff_mean": 0.013215,
  "zcr_mean": 0.012859,
  "zcr_std": 0.017178
}