{
  "chroma_00_mean": 0.011575,
  "chroma_01_mean": 0.009313,
  "chroma_02_mean": 0.010382,
  "chroma_03_mean": 0.01303,
  "chroma_04_mean": 0.010845,
  "chroma_05_mean": 0.014678,
  "chroma_06_mean": 0.014129,
  "chroma_07_mean": 0.013608,
  "chroma_08_mean": 0.011691,
  "chroma_09_mean": 0.008539,
  "chroma_10_mean": 0.009721,
  "chroma_11_mean": 0.0111,
  "f0_mean": 0.025635,
  "f0_range": 0.004391,
  "f0_std": 0.021445,
  "hnr": 0.018678,
  "jitter": 0.012974,
  "mfcc_00_delta_mean": 0.01874,
  "mfcc_00_mean": 0.011849,
  "mfcc_00_std": 0.019711,
  "mfcc_01_delta_mean": 0.017012,
  "mfcc_01_mean": 0.012189,
  "mfcc_01_std": 0.014116,
  "mfcc_02_delta_mean": 0.010095,
  "mfcc_02_mean": 0.012426,
  "mfcc_02_std": 0.00985,
  "mfcc_03_delta_mean": 0.014518,
  "mfcc_03_mean": 0.011018,
  "mfcc_03_std": 0.012899,
  "mfcc_04_delta_mean": 0.024193,
  "mfcc_04_mean": 0.059279,
  "mfcc_04_std": 0.02512,
  "mfcc_05_delta_mean": 0.037145,
  "mfcc_05_mean": 0.022896,
  "mfcc_05_std": 0.010201,
  "mfcc_06_delta_mean": 0.025347,
  "mfcc_06_mean": 0.019094,
  "mfcc_06_std": 0.01827,
  "mfcc_07_delta_mean": 0.016119,
  "mfcc_07_mean": 0.016308,
  "mfcc_07_std": 0.010973,
  "mfcc_08_delta_mean": 0.011624,
  "mfcc_08_mean": 0.026758,
  "mfcc_08_std": 0.009901,
  "mfcc_09_delta_mean": 0.017104,
  "mfcc_09_mean": 0.020864,
  "mfcc_09_std": 0.011261,
  "mfcc_10_delta_mean": 0.012539,
  "mfcc_10_mean": 0.011818,
  "mfcc_10_std": 0.012017,
  "mfcc_11_delta_mean": 0.016766,
  "mfcc_11_mean": 0.012187,
  "mfcc_11_std": 0.011374,
  "mfcc_12_delta_mean": 0.013536,
  "mfcc_12_mean": 0.01533,
  "mfcc_12_std": 0.014151,
  "shimmer": 0.014345,
  "spectral_centroid_mean": 0.011306,
  "spectral_centroid_std": 0.013643,
  "spectral_flatness_mean": 0.019484,
  "spectral_rolloff_mean": 0.011829,
  "zcr_mean": 0.017095,
  "zcr_std": 0.023964
}