{
  "loocv_svm": {
    "auroc": 0.7586457659987071,
    "sensitivity": 0.7346153846125592,
    "specificity": 0.6764705882324519,
    "f1": 0.7234848484848485,
    "precision": 0.7126865671641791,
    "accuracy": 0.7068273092369478,
    "ece": 0.05049656460389875,
    "threshold": 0.5,
    "n_positive": 260,
    "n_negative": 238
  },
  "loocv_rf": {
    "auroc": 0.8174531351001939,
    "sensitivity": 0.7576923076893936,
    "specificity": 0.7394957983162206,
    "f1": 0.7591522157996147,
    "precision": 0.7606177606177607,
    "accuracy": 0.748995983935743,
    "ece": 0.09925935133525865,
    "threshold": 0.5,
    "n_positive": 260,
    "n_negative": 238
  },
  "n_samples": 498,
  "n_features": 63,
  "n_subjects": 498,
  "n_positive": 260,
  "n_negative": 238,
  "tasks": [
    "cough-shallow"
  ]
}